昵称,年龄,身高,地区,学历,收入,婚姻状况,自我介绍,头像链接
愛放進行李,38,170CM,江西南昌,本科,2万-3万,未婚,我现居江西-南昌，家乡在江西-南昌，目前从事通信技术行业，合适的话可以跟我聊聊,http://img.liangyuan.com/ff5b1c84-deca-4950-a72d-e0ff8c608045
染屿衾眠眠,36,165CM,北京北京,大专,5千-1万,未婚,我现居北京，家乡在北京，目前从事个体/电商行业，合适的话可以跟我聊聊,http://img.liangyuan.com/9f3771d9-dd94-4133-b3c5-648cc48ff8e6
断了念想,34,180CM,广东深圳,本科,2万-3万,未婚,我现居广东-深圳，家乡在湖北-黄冈，目前从事计算机/IT行业，合适的话可以跟我聊聊,http://img.liangyuan.com/fe21f63f-0dff-4f2d-a6ba-1a10f5b21d23
半盏清欢,25,179CM,北京北京,本科,1万-2万,未婚,希望在这里可以遇到那个对的人,http://img.liangyuan.com/da2d8fac-4e64-42a9-8e4b-7dfb87d4e54d
何以故人初,29,173CM,四川攀枝花,本科,5千-1万,未婚,青春太好了，好到你无论怎么过都觉得浪掷，回头一看，都要后悔。,http://img.7799520.com/6b8635f4-a9d1-4eea-ac47-2e2e7edb313b
俊逸de苏珊,37,170CM,北京北京,博士,1万-2万,未婚,我现居北京，家乡在北京，目前从事公关/商务行业，合适的话可以跟我聊聊,http://img.liangyuan.com/img/app/avatar-girlV1.png
爱撒娇de斯考特,32,168CM,江苏扬州,大专,5千-1万,离异,我现居江苏-扬州，家乡在江苏-扬州，目前从事人力/行政行业，合适的话可以跟我聊聊,http://img.liangyuan.com/45177A8C-3616-4C52-BC34-36DD058995F3_1788762927685_853_iOS.png
追寻,27,172CM,湖北黄石,大专,2千以下,未婚,我现居湖北-黄石，家乡在湖北-黄石，目前从事技工行业，合适的话可以跟我聊聊,http://img.7799520.com/C1288C7A-AB13-4FEE-B78C-3162E99D87AE_1788749643698_712_iOS.png
迷人de雨林,38,157CM,浙江杭州,高中,1万-2万,离异,我现居浙江-杭州，家乡在四川-成都，目前从事销售行业，合适的话可以跟我聊聊,http://img.7799520.com/05BF6BFC-D5F3-43A5-A094-3254BDA67FED_1788700181147_909_iOS.png
清风渡良缘,24,178CM,广东深圳,本科,10万以上,丧偶,我现居广东-深圳，家乡在广东-深圳，目前从事计算机/IT行业，合适的话可以跟我聊聊,http://img.liangyuan.com/img/app/avatar-manV1.png
一诺半生,45,178CM,上海上海,本科,5万-10万,离异,我现居上海，家乡在广东潮汕，目前从事采购/贸易行业，合适的话可以跟我聊聊,http://img.liangyuan.com/89aa117d-14a4-48c4-be9e-2e8757000473
为你而来的木木,39,178CM,广东珠海,大专,5万-10万,离异,我现居广东-珠海，家乡在江西-上饶，目前从事其它行业，合适的话可以跟我聊聊,http://img.7799520.com/790AE5EF-F2F8-4301-9679-067266B9BAB6_1788501372095_553_iOS.png
向阳而生,41,176CM,海南海口,本科,10万以上,离异,我现居海南-海口，家乡在湖南-长沙，目前从事设计/创意行业，合适的话可以跟我聊聊,http://img.liangyuan.com/img/app/avatar-manV1.png
初春de藤蔓,40,180CM,广东深圳,大专,5万-10万,离异,我现居广东-深圳，家乡在江西-赣州，目前从事采购/贸易行业，合适的话可以跟我聊聊,http://img.liangyuan.com/img/app/avatar-manV1.png
想和火鸡面过,37,171CM,北京北京,初中,5千-1万,未婚,我现居北京，家乡在甘肃-兰州，目前从事金融行业，合适的话可以跟我聊聊,http://img.liangyuan.com/img/app/avatar-girlV1.png
自由de雪山,45,168CM,上海上海,大专,5千-1万,未婚,我现居上海，家乡在陕西-安康，目前从事项目管理，想找个踏实共度余生的人,http://img.liangyuan.com/img/app/avatar-manV1.png
只是在路过着,25,173CM,湖南长沙,硕士,5千-1万,未婚,我现居湖南-长沙，家乡在湖南-长沙，目前从事金融行业，合适的话可以跟我聊聊,http://img.7799520.com/02a861da-7ce3-4a40-a9b7-caa117436298
愿风裁尘,35,179CM,福建厦门,大专,1万-2万,未婚,我现居福建-厦门，家乡在福建-厦门，目前从事采购/贸易行业，合适的话可以跟我聊聊,http://img.liangyuan.com/ed200ec1-6a8c-4063-954f-5376591d3fcd
云端99,44,163CM,广东深圳,大专,5千-1万,离异,我现居广东-深圳，家乡在河南，目前从事电子/仪器行业，合适的话可以跟我聊聊,http://img.7799520.com/A66C049B-C8EB-4E44-94C4-2386B37367C2_1788347015730_476_iOS.png
工藤新一,25,165CM,广东深圳,大专,5千-1万,未婚,我现居广东-深圳，家乡在湖南-常德，目前从事其它行业，合适的话可以跟我聊聊,http://img.liangyuan.com/img/app/avatar-manV1.png
顾先生,36,175CM,江苏无锡,大专,5千-1万,未婚,缘分让我遇到你，感觉让我喜欢你，心痛让我想起你，时间让我爱上你，让我记住你，只是身边缺少你！,http://img.7799520.com/bafbda66-0866-4ba0-9352-6d87eda0457e
山姆杰克,40,163CM,福建厦门,本科,1万-2万,离异,all is well,http://img.7799520.com/4c70adcd-3560-4999-94ba-cd36e7738b83
四千次日落,28,181CM,江西南昌,大专,2千-5千,未婚,只要你想要，只要我有，因为我爱你，所以我愿意。,http://img.7799520.com/38367370-400f-4747-8854-e90eb6a678be
爱追剧de婕拉,37,180CM,北京北京,院士,10万以上,未婚,我现居北京，家乡在北京，目前从事公关/商务行业，合适的话可以跟我聊聊,http://img.liangyuan.com/img/app/avatar-manV1.png
冷暖自知,40,180CM,重庆重庆,本科,2万-3万,离异,我现居重庆沙田坝，目前从事科研行业，合适的话可以跟我聊聊，实际年龄是八二年的属,http://img.7799520.com/img/app/avatar-manV1.png
晚风相旭,41,181CM,湖南长沙,本科,5万-10万,离异,老家长沙，离婚独自带一个女儿，从事互联网项目，有兴趣的可以聊聊,http://img.liangyuan.com/51188091-6da5-4aa1-8714-06832d5620c9
身边,45,170CM,上海上海,本科,10万以上,丧偶,我现居上海浦东，家乡在湖北恩施，目前自己做实体行业，合适的话可以跟我聊聊,http://img.liangyuan.com/83d7842a-791b-4d26-9abc-2013f1e3a1e4
吖咩,40,179CM,北京北京,硕士,5万-10万,未婚,我现居北京，家乡在北京，目前从事计算机/IT行业，合适的话可以跟我聊聊,http://img.7799520.com/img/app/avatar-manV1.png
爱与诚,41,177CM,四川成都,本科,5万-10万,离异,想要找一个缘来是你,http://img.liangyuan.com/68ED5747-E10F-4818-8271-F01994E56F5E_1788194362159_112_iOS.png
Glyn,34,177CM,河南许昌,大专,5千-1万,未婚,我现居河南-许昌，家乡在河南-许昌，目前从事制造/加工行业，合适的话可以跟我聊聊,http://img.7799520.com/af1ff92c-6bee-4366-be04-7675d76e3f95
追寻de邮票,38,176CM,广东广州,中专,5万-10万,离异,我现居广东-广州，家乡在四川-成都，目前从事装修/物业行业，合适的话可以跟我聊聊,http://img.7799520.com/img/app/avatar-manV1.png
旧时光de流星,29,162CM,安徽合肥,本科,5千-1万,未婚,"基本信息：在合肥市蜀山区 工作，做电商运营，1997年，162cm，48kg，长相8分以上，本科，毕业于云南大学滇池学院，英语专业，户籍是云南，互联网公司上班，做电商运营，月收入10K左右。

家庭情况：我还有个姐姐，姐姐 姐夫定居上海",http://img.7799520.com/95767BF3-9781-4B50-A64E-3DE40CCD44B3_1787986486668_64_iOS.png
高傲的大熊,40,180CM,广东深圳,大专,3万-5万,离异,我现居广东-深圳，家乡在江西-赣州，目前从事个体/电商行业，合适的话可以跟我聊聊,http://img.7799520.com/img/app/avatar-manV1.png
戒不掉的心动,40,175CM,广东深圳,高中,3万-5万,离异,我现居深圳南山，家乡在福建三明，目前从事餐饮和茶馆行业，合适的话可以跟我聊聊,http://img.liangyuan.com/img/app/avatar-manV1.png
清歌问盏,31,165CM,福建厦门,本科,5千-1万,未婚,我现居福建-厦门，家乡在福建-厦门，目前从事采购/贸易行业，合适的话可以跟我聊聊,http://img.7799520.com/img/app/avatar-girlV1.png
何以笙箫默,25,168CM,湖南邵阳,大专,5千-1万,未婚,我现居湖南-邵阳，家乡在湖南-邵阳，目前从事采购/贸易行业，合适的话可以跟我聊聊,http://img.7799520.com/202e5c00-0200-4fdd-aadf-2026686bb6cd
魂牵梦萦,32,181CM,北京北京,硕士,10万以上,未婚,时光让彼此之间已渐行渐远。所谓的刻骨铭心只是红尘往事中一缕轻烟。所谓的一生一世，只是搁置在心灵深处的一个空白,http://img.7799520.com/img/app/avatar-manV1.png
相似de旅程,37,173CM,江苏无锡,大专,5千-1万,离异,冬天已经过去，春天悄然到来。心儿急切等待，等待那份真爱。脚步不需徘徊，眼里不再疑猜。大胆敞开胸怀，勇敢表露挚爱。命运自己安排，爱情自己主宰！,http://img.7799520.com/2c90102f-af97-475e-8656-1f184b7bc6e8
一只迷路的小陆,36,165CM,广西柳州,高中,5千-1万,未婚,我现居广西-柳州，家乡在广西-来宾，目前从事客户服务行业，合适的话可以跟我聊聊,http://img.7799520.com/298483c0-314c-4733-8d96-e0f601820d47
爱健身de萨米,26,184CM,江苏无锡,硕士,3万-5万,未婚,我现居江苏-无锡，家乡在江苏-无锡，目前从事金融行业，合适的话可以跟我聊聊,http://img.7799520.com/img/app/avatar-manV1.png
Mon,32,167CM,广西贵港,本科,5千-1万,离异,我现居广西-贵港，家乡在广西-贵港，目前从事通信技术行业，合适的话可以跟我聊聊,http://img.liangyuan.com/e5627fbd-6622-4af4-b660-48e6ab12b4af
晴天般的微笑,34,180CM,上海上海,本科,1万-2万,离异,一个人，其实并不是我们不渴望爱情，而是我们缺乏主动的理由。,http://img.7799520.com/4ac20a5b-3ecf-42f2-af3f-bf7c00e05eac
丹丹,45,165CM,北京北京,中专,3万-5万,离异,"一个细微动作,一个飘忽眼神,抑或是一个转身的距离,相爱的人应该有着缘分的默契,找一个爱我懂我的人,生活也会因默契而和谐",http://img.liangyuan.com/50be2e4c-c629-416a-a5f9-f467b6566b62
殷先生,36,165CM,上海上海,大专,2千-5千,未婚,渴望拥有一段爱情,http://img.liangyuan.com/967f2a9a-2a86-45ae-971a-5f60a1041abd
Hik,25,165CM,宁夏银川,大专,5千-1万,未婚,我现居宁夏-银川，家乡在宁夏-银川，目前从事工程机械行业，合适的话可以跟我聊聊,http://img.liangyuan.com/5ce9b739-9ee9-4091-8c99-4fe03530b9cd
粗犷de约书亚,42,180CM,黑龙江齐齐哈尔,本科,5千-1万,未婚,我现居黑龙江-齐齐哈尔，家乡在黑龙江-齐齐哈尔，目前从事制造/加工行业，合适的话可以跟我聊聊,http://img.7799520.com/img/app/avatar-manV1.png
山顶,39,178CM,湖南长沙,本科,3万-5万,离异,我现居湖南-长沙，家乡在湖南-张家界，目前从事工程机械行业，合适的话可以跟我聊聊,http://img.7799520.com/img/app/avatar-manV1.png
知人自知,32,172CM,河北廊坊,初中,5千-1万,未婚,我现居河北-廊坊，家乡在河北-廊坊，目前从事仓储/物流行业，合适的话可以跟我聊聊,http://img.7799520.com/27A0A667-5733-4AEC-984C-10FAA9E99019_1787713105772_846_iOS.png
阿may,41,155CM,湖南长沙,大专,5千-1万,未婚,现居湖南长沙 ，2020年开始做花艺师，喜欢爬山，旅行，阅读，性格偏安静温柔。希望能认识一个人品好 ，相处舒服的人，一起共同创造一个温暖的家。,http://img.7799520.com/5874c4aa-f9c0-4b3e-a831-d148e5ec4a53
记忆里de笑脸,44,165CM,河北承德,初中,2千以下,未婚,我现居河北-承德，家乡在河北-承德，目前从事计算机/IT行业，合适的话可以跟我聊聊,http://img.liangyuan.com/img/app/avatar-girlV1.png
遗留de名词,26,182CM,河南安阳,本科,2千-5千,未婚,我现居河南-安阳，家乡在河南-安阳，目前从事仓储/物流行业，合适的话可以跟我聊聊,http://img.liangyuan.com/9902598d-6463-451e-b30c-d8ada113a780
龚女士,36,160CM,广东深圳,初中,1万-2万,离异,我的要求并不高，希望有一杯茶，是你亲手为我泡，希望有一碗饭，是你亲手为我做，希望有一束花，是你亲手为我采，希望你能牵着我的手，一直到永久。,http://img.liangyuan.com/28B57E0D-6F3A-4F54-A81A-F356F30FDC5B_1787632875309_616_iOS.png
吻你眉间风,27,177CM,江西赣州,大专,10万以上,未婚,"听说，在这里遇到的人都很可爱喔

你好，你是来这是找对象的吗

我是真心找对象的，合适可以和我聊聊",http://img.liangyuan.com/ba538192-b50c-43e8-a936-bbca2e90735c
大意de科加斯,37,165CM,四川宜宾,大专,2千以下,未婚,我现居四川-宜宾，家乡在四川-宜宾，目前从事其它行业，合适的话可以跟我聊聊,http://img.7799520.com/img/app/avatar-manV1.png
吴勉,34,182CM,福建厦门,大专,1万-2万,未婚,陕西人在厦门工作会在厦门定居 上来来能不能遇到有缘人 骗子勿扰 别来浪费时间,http://img.7799520.com/7faf5981-ce95-4985-9d6c-29bcf56d6ef1
周一,27,170CM,福建福州,本科,5千-1万,未婚,我现居福建-福州，家乡在福建-福州，有房有车，目前从事人力/行政行业，合适的话可以跟我聊聊,http://img.liangyuan.com/img/app/avatar-girlV1.png
怀念的de皂荚,31,165CM,广东广州,本科,5千-1万,未婚,我现居广东-广州，家乡在北京，目前从事金融行业，合适的话可以跟我聊聊,http://img.7799520.com/82ed3d14-c392-4f44-b342-b853e0a95d32
、博,39,175CM,吉林长春,高中,1万-2万,离异,我现居吉林-长春，家乡在吉林-长春，目前从事公务员/干部行业，合适的话可以跟我聊聊,http://img.7799520.com/cc50fa9e-b4df-40c0-83a9-1686dbe9e0d6
朗月清风,28,167CM,浙江绍兴,中专,5千-1万,未婚,眼睛不应该用来为伤害你的人哭泣，而应该用来寻找正确的人。,http://img.7799520.com/cb9445ee-648c-499d-94b4-f9550d5740af
爱上网de小海豚,27,168CM,湖南邵阳,本科,1万-2万,未婚,我现居湖南-邵阳，家乡在湖南-邵阳，目前从事电子/仪器行业，合适的话可以跟我聊聊,http://img.7799520.com/1bac825b-8047-456e-90da-a53b9d06e515
无声de信件,27,170CM,江苏苏州,中专,2千-5千,未婚,我现居江苏-苏州，家乡在甘肃-庆阳，目前从事电子/仪器行业，合适的话可以跟我聊聊,http://img.7799520.com/1a8747b7-4324-4031-90a4-5edc2c4b7915
健壮de塞西,24,186CM,江苏南京,大专,5千-1万,未婚,我现居江苏-南京，家乡在江苏-宿迁，目前从事其它行业，合适的话可以跟我聊聊,http://img.7799520.com/1edc78b2-2018-48c7-9d8d-ef301c4b9219
儿时de流星,37,159CM,云南红河,初中,2千-5千,离异,我现居云南-红河，家乡在云南-红河，目前从事其它行业，合适的话可以跟我聊聊,http://img.7799520.com/bed3a2eb-f4d3-40d7-bb20-b062b7b18ed6
春风不语,31,178CM,北京北京,本科,3万-5万,离异,我现居北京海淀，目前从事体制内-公务员行业，合适的话可以跟我聊聊,http://img.liangyuan.com/7c698784-e77f-4665-9df4-cd1e0523a57b
初春,45,178CM,北京北京,本科,3万-5万,离异,我现居北京，家乡在北京，目前从事公务员/干部行业，合适的话可以跟我聊聊,http://img.7799520.com/DE7AB0EA-BD05-4DC7-96A1-D0C7E04690C4_1787411429044_139_iOS.png
温柔de玫瑰,26,165CM,重庆重庆,本科,2千-5千,未婚,我现居重庆，家乡在重庆，目前从事计算机/IT行业，合适的话可以跟我聊聊,http://img.7799520.com/8e3c8871-df23-4905-86be-d286fdbadf9f
日落,38,179CM,四川成都,本科,10万以上,未婚,你想要的岁月不一定会给你，你不想要的岁月总是塞给你，但你总得为了自己想要的去努力。这才是真正的生活。,http://img.7799520.com/d9d72dcc-83fb-4b10-ab48-b5caa55a3560
bamboo,24,172CM,上海上海,本科,1万-2万,未婚,上海，同济大学在读研究生，istj做事有计划的，出去旅游会自己做好各种规划，在校喜欢去健身，最近碳循环减脂，已经坚持3个月了，目前减脂结束，准备维持体重，体重维持60kg左右，体脂8%，秋冬再进行增肌，之前在街舞队待过两年，跳bk的，也喜欢打球，打打游戏，暑假回家进修了下做饭，一桌子都很好吃，朋友全吃光了。,http://img.liangyuan.com/0638b24a-ac0f-4ca4-bdf8-61d7248f5fe0
罗Sir,26,197CM,广东深圳,中专,5千-1万,未婚,我现居广东-深圳，家乡在河南-信阳，目前从事客户服务行业，合适的话可以跟我聊聊,http://img.liangyuan.com/img/app/avatar-manV1.png
Eikes,34,178CM,广东深圳,硕士,10万以上,未婚,在这个世界上，是有许多事情那都是我们所难以预料的。我们不能去控制际遇，却可以掌握自己；我们无法预知未来，却可以把握现在；我们不知道自己的生命到底有多长，但我们却可以安排当下的生活,http://img.7799520.com/img/app/avatar-manV1.png
个性de龙猫,38,161CM,广东深圳,高中,5千-1万,离异,我现居广东-深圳，家乡在湖南-邵阳，目前从事采购/贸易行业，合适的话可以跟我聊聊,http://img.7799520.com/img/app/avatar-girlV1.png
按时荒唐,45,164CM,广东深圳,大专,1万-2万,离异,我是81年属鸡，医生出身，现在是培训老师，本人性格温和，情绪稳定，重感情，喜欢看书，学习，老家湖南，户籍深圳，希望未来的他温暖，三观正，懂生活，顾家,http://img.7799520.com/933a4085-fa2f-4cbf-90f8-ab2b672ac604
随缘,45,181CM,甘肃天水,大专,10万以上,离异,不追赶喧嚣，只遵从本心，分享真实所见所想，愿同频的人在这里相遇,http://img.liangyuan.com/96c4fb47-47ce-4ce7-8b7d-7cf326230d73
想想,42,162CM,山东青岛,大专,1万-2万,离异,我现居山东-青岛，家乡在山东-青岛，目前从事医疗/护理行业，合适的话可以跟我聊聊,http://img.7799520.com/f1df81f6-283a-4fc0-a96f-81511b148520
小酸奶,25,164CM,陕西渭南,中专,1万-2万,未婚,我现居陕西-渭南，家乡在陕西-渭南，目前从事市场拓展行业，合适的话可以跟我聊聊,http://img.liangyuan.com/img/app/avatar-girlV1.png
好久没遇见,39,168CM,河北承德,中专,2千-5千,离异,我现居河北-承德，家乡在河北-承德，目前从事客户服务行业，合适的话可以跟我聊聊,http://img.7799520.com/img/app/avatar-girlV1.png
彩色de垂柳,26,187CM,新疆阿克苏,大专,3万-5万,未婚,我现居新疆-阿克苏，家乡在新疆-阿克苏，目前从事其它行业，合适的话可以跟我聊聊,http://img.7799520.com/img/app/avatar-manV1.png
义气de杰弗瑞,34,185CM,浙江宁波,硕士,3万-5万,未婚,我现居浙江-宁波，家乡在福建-莆田，目前从事学术/科研行业，合适的话可以跟我聊聊,http://img.7799520.com/8d3dde49-1c7d-472a-82a1-f1314905775f
四海,42,176CM,黑龙江哈尔滨,本科,2万-3万,未婚,我现居成都，家乡在四川广安，目前从事消防器材贸易行业，合适的话可以跟我聊聊,http://img.7799520.com/A0F09F94-3207-4E42-8CFA-80DA8A615881_1787123105383_995_iOS.png
甜甜de玫瑰,32,161CM,湖南株洲,高中,5千-1万,离异,不能拯救世界也没关系，能给身边的人温暖和快乐就足够了。,http://img.7799520.com/20247F65-7375-4051-875E-08FE5BB41C40_1787108329863_191_iOS.png
桃子最甜啦,33,162CM,广东深圳,本科,5千-1万,未婚,我现居广东-深圳，家乡在广西-南宁，目前从事人力/行政行业，合适的话可以跟我聊聊,http://img.7799520.com/e9ba29e9-3b93-42ed-9cd1-ff653e24787b
莫奈的睡莲,30,180CM,江苏南京,本科,5万-10万,未婚,我现居江苏-南京，家乡在陕西-西安，目前从事计算机/IT行业，合适的话可以跟我聊聊,http://img.liangyuan.com/94604B9B-9BB8-4119-8A63-D648F4116B64_1787048121256_319_iOS.png
相似de旅程,36,175CM,上海上海,本科,5万-10万,未婚,我是上海青浦人，自己经营一家贸易公司，年净收入70万以上，公司生意较稳定。父母均为退休工人，有社保。寻一个顾家、门当户对的女性。欢迎有诚意的女方联系我们，希望我们能在这里找到缘分，谢谢!,http://img.7799520.com/b6da7750-37ff-4edc-99b7-de4cc9d3bfae
金先生,27,183CM,上海上海,大专,5千-1万,未婚,成长的很大一部分，是接受。接受分道扬镳，接受世事无常，接受孤独挫折，接受突如其来的无力感，接受自己的缺点。然后发自内心地去改变，找到一个平衡点。跟世界相处，首先是和自己相处。天黑开盏灯，落雨带把伞，难过归难过，但也不作死,http://img.7799520.com/F697DFA2-001A-4A0E-A07C-3EF381651C1C_1786970337205_541_iOS.png
礼貌de丽贝卡,32,178CM,广东广州,本科,1万-2万,丧偶,我现居广东-广州，家乡在广东-广州，目前从事高级管理行业，合适的话可以跟我聊聊,http://img.7799520.com/img/app/avatar-manV1.png
怀念的de梧桐,45,170CM,河南南阳,高中,1万-2万,离异,我现居河南-南阳，家乡在河南-南阳，目前从事仓储/物流行业，合适的话可以跟我聊聊,http://img.7799520.com/99901949-39cb-469a-a7ad-6abc9c7834e4
落寞de劳伦特,45,179CM,北京北京,本科,3万-5万,离异,我现居北京，家乡在北京，目前从事高级管理工作，合适的话可以跟我聊聊,http://img.7799520.com/b1d98462-11b6-4014-9ce8-cef25a24ea8f
无与伦比,42,177CM,广东汕头,本科,5万-10万,离异,80后，离异，孩子跟随前任。有稳定事业，生活自律，无不良嗜好。平时喜欢运动、自驾，向往平淡踏实的相处。不求轰轰烈烈，希望遇见三观契合的人，往后彼此理解，相伴过日子。,http://img.7799520.com/da68d829-24ca-4624-8ab6-bd8f11e3aefc
青枫,34,181CM,广东广州,本科,3万-5万,未婚,时光让彼此之间已渐行渐远。所谓的刻骨铭心只是红尘往事中一缕轻烟。所谓的一生一世，只是搁置在心灵深处的一个空白,http://img.7799520.com/6d1e04b7-ac20-4f50-8c3f-c1de7a8aa5b1
幻梦,25,168CM,重庆重庆,大专,5千-1万,未婚,冬天已经过去，春天悄然到来。心儿急切等待，等待那份真爱。脚步不需徘徊，眼里不再疑猜。大胆敞开胸怀，勇敢表露挚爱。命运自己安排，爱情自己主宰！,http://img.7799520.com/115007ff-7a4f-427b-9508-954647b921cd
文艺de轮船,41,165CM,广东广州,硕士,2万-3万,离异,我现居广东-广州，家乡在广东-湛江，目前从事公关/商务行业，合适的话可以跟我聊聊,http://img.7799520.com/3d91e71b-6f94-4891-91e9-f56fa395521b
机灵de安娜,30,165CM,江西南昌,中专,5千-1万,未婚,我现居江西-南昌，家乡在广东-广州，目前从事通信技术行业，合适的话可以跟我聊聊,http://img.7799520.com/img/app/avatar-girlV1.png
特迎一碗粥,31,157CM,湖南衡阳,本科,2千以下,未婚,"前教育行业打工人，现在处于职业空窗期，每天的生活是：关注时政，研究新技能。不急着找饭票，但也不摆烂。
喜欢看话剧音乐剧、研究穿搭和吃好吃的，胖，都是照骗。找个有结婚规划，不烟酒槟榔的靠谱人。
接受异地，但希望双方能主动推进见面了解，且第一面在女方城市。不闲聊，不养鱼，不符合的请勿打扰。",http://img.7799520.com/5821e7f2-79cf-4aa4-aabd-6440f73af9a5
未来教主,35,178CM,广东清远,本科,2万-3万,离异,Looking forward to seeing you,http://img.7799520.com/1EC9D548-FF84-47B8-B4D8-1D47013B4F2E_1786619934864_923_iOS.png
初秋de桃花源,28,165CM,贵州遵义,本科,5千-1万,未婚,我现居贵州-遵义，家乡在贵州-遵义，目前从事能源/化工行业，合适的话可以跟我聊聊,http://img.liangyuan.com/E073F516-148F-4E82-B340-9AAD23630883_1786615999916_214_iOS.png
紫色蒲公英,44,161CM,陕西榆林,高中,5千-1万,离异,所求从来不是一时新鲜感，重在精神契合、冷暖相知。遇事可以商量，失意能够宽慰，两个人并肩抵御人间琐碎，安稳共度余生。（骗子勿扰）,http://img.liangyuan.com/2C5F4392-DD4B-4E18-A65D-43CBF73DAF77_1786597393063_821_iOS.png
痴情de克拉克,39,176CM,湖南长沙,硕士,5千-1万,未婚,我现居湖南-长沙，家乡在湖南-益阳，目前从事销售行业，合适的话可以跟我聊聊,http://img.7799520.com/img/app/avatar-manV1.png
甜甜de索尔,28,172CM,浙江杭州,大专,5千-1万,未婚,我现居浙江-杭州，家乡在甘肃-陇南，目前从事其它行业，合适的话可以跟我聊聊,http://img.liangyuan.com/622564f7-817f-4ecd-a8a7-8e75728e8072
凤舞天涯,24,160CM,湖南长沙,本科,5千-1万,未婚,我现居湖南-长沙，家乡在江西-萍乡，目前从事教育/培训行业，合适的话可以跟我聊聊,http://img.liangyuan.com/53CCA6FC-A42F-4FD4-8AF1-9BA3352AE813_1786535300699_581_iOS.png
朦胧de皂荚,28,178CM,河南开封,本科,2千-5千,未婚,我现居河南-开封，家乡在河南-开封，目前从事教育/培训行业，合适的话可以跟我聊聊,http://img.liangyuan.com/b1fc6534-7041-4e44-bcd9-0b5147afccb1
药精,25,178CM,江苏苏州,本科,5千-1万,未婚,一个人可以是好人，但不能太好。人好，喜欢你的人很多，但想利用你的人也不少。一个人可以很善良，但不能太善良。心善，你帮助的人很多，但知恩图报的人真没几个,http://img.7799520.com/0466612e-1e9c-405e-9e83-0e641952c5ad
墨雨无痕,26,188CM,黑龙江哈尔滨,本科,1万-2万,未婚,青春太好了，好到你无论怎么过都觉得浪掷，回头一看，都要后悔。,http://img.7799520.com/908431bc-0420-4041-8a70-51c5109eacb1
李学辉,31,168CM,广东阳江,大专,5千-1万,未婚,我现居广东-阳江，家乡在广东-阳江，目前从事公务员/干部行业，合适的话可以跟我聊聊,http://img.7799520.com/65788F1E-127D-4DBD-A5E3-46000DE645D5_1786088993492_774_iOS.png
南斗,33,174CM,广东深圳,大专,1万-2万,未婚,我现居广东-深圳，家乡在广西-玉林，目前从事人力/行政行业，合适的话可以跟我聊聊,http://img.7799520.com/16d978fd-95fa-4cf2-a900-69defb3653a4
十一,33,165CM,山东济宁,中专,2千-5千,离异,我现居山东-济宁，家乡在山东-济宁，目前从事客户服务行业，合适的话可以跟我聊聊,http://img.liangyuan.com/dc114ca5-61b9-4337-8c5c-2918105b3af7
会员36511186,44,175CM,重庆重庆,本科,2千以下,离异,风中一笑，长发飘飘,http://img.liangyuan.com/b8842c4e-488b-4d3f-93e9-6d0cce5704a3
欢喜de尼尔,45,176CM,广东汕尾,高中,1万-2万,离异,希望能牵手一起走过今后的日子，不管是鲜花铺路，还是荆棘满地，不离不弃，彼此相爱，我会永远伴随你左右！,http://img.7799520.com/img/app/avatar-manV1.png
婷婷宝贝,28,160CM,山东德州,初中,2千以下,未婚,我现居山东-德州，家乡在山东-德州，目前从事计算机/IT行业，合适的话可以跟我聊聊,http://img.liangyuan.com/da4f4774-021d-489a-aedc-d1e435b1e329
会员10351034,36,171CM,北京北京,本科,1万-2万,未婚,"90年天蝎女一枚，entp，山西人，身高170，父母体制内。
目前从事科研项目管理工作。

日常健身，打网球，喜欢自驾，业余时间在运营一个自己的小读书会。工作生活都很稳定

希望你年龄上下5岁，身高比我高，有定居北京的计划，热爱生活，善于沟通，原生家庭和睦简单。",http://img.7799520.com/48bece9d-0379-4a9c-bfbc-62e58fe02725
小石头,35,172CM,广东广州,本科,2万-3万,未婚,我现居广东-广州，家乡在广东-清远，目前从事计算机/IT行业，合适的话可以跟我聊聊,http://img.liangyuan.com/2FCCDD14-A431-44D6-9DCC-BEDA32DB9065_1785828898171_841_iOS.png
谨慎de龙猫,27,180CM,安徽合肥,大专,1万-2万,未婚,我现居安徽-合肥，家乡在山西-吕梁，目前从事质控/安检行业，合适的话可以跟我聊聊,http://img.liangyuan.com/7d852844-76eb-494f-a695-890168a59509
小度噜噜,36,170CM,江苏苏州,大专,5千-1万,未婚,冬天已经过去，春天悄然到来。心儿急切等待，等待那份真爱。脚步不需徘徊，眼里不再疑猜。大胆敞开胸怀，勇敢表露挚爱。命运自己安排，爱情自己主宰！,http://img.7799520.com/img/app/avatar-manV1.png
一只多哦,36,160CM,浙江台州,本科,5千-1万,离异,我现居浙江-台州，家乡在浙江-台州，目前从事公关/商务行业，合适的话可以跟我聊聊,http://img.liangyuan.com/img/app/avatar-girlV1.png
白衣胜雪,45,165CM,江苏苏州,大专,5千-1万,未婚,我现居江苏-苏州，家乡在江苏-苏州，目前从事客户服务行业，合适的话可以跟我聊聊,http://img.liangyuan.com/img/app/avatar-girlV1.png
唯爱你,34,158CM,广东深圳,大专,1万-2万,离异,热烈的青春不该被定义 要自由 要浪漫去想去的地方旅行热烈而美好,http://img.liangyuan.com/C1EA8CCB-231C-4A47-97DC-C66D208A96D7_1785672559480_782_iOS.png
曾经de笑脸,44,159CM,福建福州,中专,1万-2万,离异,我现居福建-福州，家乡在福建-福州，目前从事财会/审计行业，合适的话可以跟我聊聊,http://img.liangyuan.com/img/app/avatar-girlV1.png
舜志满天下,39,170CM,湖南永州,大专,10万以上,未婚,我现居湖南-永州，家乡在湖南-永州，目前从事咨询/顾问行业，合适的话可以跟我聊聊,http://img.liangyuan.com/img/app/avatar-manV1.png
初秋de雨林,29,160CM,广西南宁,本科,5千-1万,未婚,我现居广西-南宁，家乡在广西-玉林，目前从事采购/贸易行业，合适的话可以跟我聊聊,http://img.liangyuan.com/img/app/avatar-girlV1.png
会员96045345,29,158CM,广东深圳,本科,1万-2万,未婚,在最喜欢的季节，去一个很远的地方，还有另一个流浪的人。,http://img.liangyuan.com/c34657ec-37f9-4af7-8868-fb2fc3809ba5
我爱的人你别抢,25,170CM,陕西宝鸡,中专,2千-5千,未婚,我现居陕西-宝鸡，家乡在陕西-宝鸡，目前从事制造/加工行业，合适的话可以跟我聊聊,http://img.liangyuan.com/f1b4aacf-f309-4ef4-95ca-b92367901d02
Patrick,34,174CM,浙江杭州,大专,1万-2万,未婚,丙火/余杭/174/ENTJ/ 创业人/修行中/能文也能武/经历世事很多/前职业导演/身边全是同事/想结交内心纯净或者重修行的女性，一起合作余生。,http://img.liangyuan.com/img/app/avatar-manV1.png
尘烟染暮雪,41,164CM,河南郑州,本科,5千-1万,离异,我现居河南-郑州，家乡在河南-郑州，目前从事高级管理行业，合适的话可以跟我聊聊,http://img.liangyuan.com/9a977efa-ff94-4598-9b45-0b99fa992e87
会员576796541,39,0CM,海南三亚,中专,5千-1万,未婚,个人相貌平平，但是还是有点思想，有点个人主见。对自己以后的生活和事业有一定的规划，但是计划不如变化呀，自己总要有点应变的能力。我认为我心目中的另一位，是一个有主见，有思想，温柔贤惠，孝敬父母（这个首要的，满足不了这个，我是绝对不交的，无论男女，呵呵……个人原则），长的咋样这个只是表象，关键看是否有颗善良的心，嘿嘿……就这么多吧。,http://img.liangyuan.com/img/app/avatar-manV1.png
故城,32,175CM,吉林辽源,大专,5千-1万,未婚,我现居吉林-辽源，家乡在吉林-辽源，目前从事市场拓展行业，合适的话可以跟我聊聊,http://img.liangyuan.com/ac501396-5da3-4b1e-b576-1344e183d9b0
晨曦,31,173CM,上海上海,本科,5千-1万,未婚,我现居上海，家乡在上海，目前从事建筑行业，觉得合适的话可以聊聊,http://img.liangyuan.com/5a35e592-0ca1-4865-99b0-883d62e271d4
奕勋,36,180CM,云南昆明,本科,1万-2万,未婚,我现居云南-昆明，家乡在广东-广州，目前从事航空行业，合适的话可以跟我聊聊,http://img.liangyuan.com/cec0a1b9-8e71-4c96-b50e-aa3fb7a60803
星野,35,158CM,重庆重庆,本科,1万-2万,未婚,从事美术相关下行业、喜欢画画、设计、滑雪、安静的地方。也喜欢蓝色。,http://img.liangyuan.com/img/app/avatar-girlV1.png
薯条,30,175CM,江苏南京,本科,5千-1万,未婚,我现居江苏-南京，家乡在江苏-南京，目前从事消防行业，合适的话可以跟我聊聊,http://img.liangyuan.com/BBCA098D-1D8D-41B4-B518-BA492E8089AD_1785495629005_34_iOS.png
人生巅峰,45,168CM,安徽合肥,大专,10万以上,离异,我现居中山市，老家重庆万州在中山市做灯具批发,http://img.liangyuan.com/78A2F6D1-2401-4FA1-914F-342EA0D8B15E_1785502839412_127_iOS.png
朝暮有光,34,160CM,四川成都,本科,3万-5万,离异,希望遇见一个真诚、有责任感的人，一起把生活过成喜欢的样子。,http://img.liangyuan.com/CD6CB93C-589D-46B0-8150-CDA56AADEF78_1785469874960_584_iOS.png
唯一de湖面,37,157CM,福建福州,本科,5千-1万,离异,我现居福建-福州，家乡在福建-福州，目前从事医疗/护理行业，合适的话可以跟我聊聊,http://img.liangyuan.com/231c1841-d1b7-4387-b698-e20811175d36
爱笑de小猪,41,173CM,浙江杭州,本科,5万-10万,离异,我现居浙江-杭州，家乡在云南-昆明，目前从事市场拓展行业，合适的话可以跟我聊聊,http://img.liangyuan.com/img/app/avatar-manV1.png
春风徐来,41,174CM,湖北鄂州,大专,2万-3万,离异,我现居湖北-鄂州，家乡在云南-昆明，目前从事采购/贸易行业，合适的话可以跟我聊聊,http://img.liangyuan.com/img/app/avatar-manV1.png
Jack,25,175CM,广东广州,博士,2万-3万,未婚,我现居广东-广州，家乡在广东-广州，目前从事计算机/IT行业，合适的话可以跟我聊聊,http://img.liangyuan.com/img/app/avatar-manV1.png
陈歌,26,175CM,湖南长沙,大专,2千-5千,未婚,缘分让我遇到你，感觉让我喜欢你，心痛让我想起你，时间让我爱上你，让我记住你，只是身边缺少你！,http://img.liangyuan.com/d89ca009-34d6-4dc2-931f-28a0bdf53352
幸福de风铃,36,160CM,陕西西安,高中,5万-10万,离异,"做生意孤身策马许久,静待同路战友，	
往后风雨并肩，携手作战，希望能找到一个三观相合，人品踏实，互相尊重，互相扶持的",http://img.liangyuan.com/2421a8ed-3196-4626-9964-7d11e5164a2c
周俊锋,42,181CM,安徽合肥,大专,10万以上,离异,我现居福建-厦门，家乡在江西-南昌，目前从事跨境电商供应链，离异带一个可爱的小棉袄，希望在平台上找一个三观合适的人，喜欢孩子，相互喜欢，相遇，相知，相互爱，相守,http://img.liangyuan.com/img/app/avatar-manV1.png
凤舞天涯,38,177CM,北京北京,本科,1万-2万,离异,现居北京，家乡在广东深圳福田区，目前从事化妆品研发部高管，带一小孩，合适的话可以跟我聊聊,http://img.liangyuan.com/img/app/avatar-manV1.png
初春de云朵,37,165CM,北京北京,本科,5千-1万,离异,我现居北京，家乡在甘肃-兰州，目前从事销售行业，合适的话可以跟我聊聊,http://img.liangyuan.com/img/app/avatar-girlV1.png
只剩余生,26,177CM,广东汕尾,初中,5千-1万,离异,我现居广东-汕尾，家乡在广东-汕尾，目前从事其它行业，合适的话可以跟我聊聊,http://img.liangyuan.com/img/app/avatar-manV1.png
漫谈理想,39,163CM,上海上海,大专,1万-2万,离异,我现居上海，家乡在浙江-杭州，目前从事保健/美容行业，合适的话可以跟我聊聊,http://img.liangyuan.com/8476D472-DB3C-4A91-BD57-C8D7BA32BE8B_1785162912317_234_iOS.png
挽歌,33,165CM,山东潍坊,初中,5千-1万,未婚,我现居山东-潍坊，家乡在山东-潍坊，目前从事仓储/物流行业，合适的话可以跟我聊聊,http://img.liangyuan.com/e904f379-f724-450d-a5ab-b6f37725daf0
会员88494176,36,162CM,重庆重庆,本科,2万-3万,离异,每一个青春都会变老，但我希望你在记忆中永远是好的。,http://img.liangyuan.com/img/app/avatar-girlV1.png
文艺de湖面,41,164CM,广东广州,本科,1万-2万,离异,人与人之间就是：手心捂手心，捂不热就离分；人心换人心，换不来就死心。真心对真心，一辈子都热忱；知心与知心，一辈子都交心！,http://img.liangyuan.com/img/app/avatar-girlV1.png
幸福de流星,39,164CM,湖南长沙,本科,1万-2万,离异,我现居湖南-长沙，家乡在云南-曲靖，目前从事其它行业，合适的话可以跟我聊聊,http://img.liangyuan.com/F8B95253-9A71-4A48-A3B0-28FB1AC067FE_1785048545757_772_iOS.png
妙妙,24,165CM,广东广州,大专,2万-3万,未婚,我现居广东-广州，家乡在广东-广州，目前从事保健/美容行业，合适的话可以跟我聊聊,http://img.liangyuan.com/a5f551d0-bc3d-44ac-904e-75d84cd7faec
旧时光de泡沫,39,166CM,贵州贵阳,本科,1万-2万,未婚,我现居贵州-贵阳，家乡在四川-成都，目前从事高级管理行业，合适的话可以跟我聊聊,http://img.liangyuan.com/img/app/avatar-manV1.png
栗子,31,160CM,福建厦门,本科,1万-2万,未婚,我现居福建-厦门思明，目前从事教育行业，坚持十年马拉松和献血，有机会一起运动,http://img.liangyuan.com/img/app/avatar-girlV1.png
依依,33,162CM,福建福州,高中,2千-5千,离异,我现居福建-福州，家乡在福建-福州，目前从事其它行业，合适的话可以跟我聊聊,http://img.liangyuan.com/4bef6dd3-3e6b-4f35-8a72-1e53de95c15f
斑驳de邮票,33,155CM,四川成都,大专,5千-1万,未婚,我现居四川-成都，家乡在四川-成都，目前从事电子/仪器行业，合适的话可以跟我聊聊,http://img.liangyuan.com/img/app/avatar-girlV1.png
坦率de诺玛,25,180CM,北京北京,高中,1万-2万,未婚,我现居北京，家乡在北京，目前从事技工行业，合适的话可以跟我聊聊,http://img.liangyuan.com/img/app/avatar-manV1.png
虹霏,38,163CM,辽宁大连,硕士,2万-3万,离异,我现居辽宁-大连，目前从事17年幼儿教育行业；也是一名大专学前教育专任教师；大部分时间经营自己的幼儿园；生活圈子比较简单。觉得我合适的话可以跟我聊聊,http://img.liangyuan.com/A8577EE3-4F56-423E-BC93-D75832C22E0B_1784851739855_819_iOS.png
山河无恙,44,177CM,福建福州,高中,3万-5万,离异,平日里热爱生活，闲暇时坚持健身，游泳，保持良好的体态与精神状态，静下来喜欢看书，听歌，也向往奔赴山野，热衷于户外露营与旅行，愿意去见识不同风景,http://img.liangyuan.com/fe4ba15f-f873-4c0c-a904-2ef16c2a9ec4
柔弱de弗兰克,42,183CM,广东深圳,大专,1万-2万,未婚,我现居广东-深圳，家乡在河南-郑州，目前从事高级管理行业，合适的话可以跟我聊聊,http://img.liangyuan.com/img/app/avatar-manV1.png
白衣胜雪,40,165CM,广东珠海,初中,2千以下,离异,我现居广东-珠海，家乡在广西-来宾，目前从事制造/加工行业，合适的话可以跟我聊聊,http://img.liangyuan.com/dd090d54-3a07-4f79-ba19-46b67c9191fd
吾爱有三,26,176CM,广东广州,初中,5千-1万,未婚,如果我们把心交给别人，就不能收回，别人又给别人，爱就会流通于世。,http://img.liangyuan.com/0dc7a05f-7ff8-4b8f-b3a0-3ebe3a088c00
别涉世太深,37,169CM,广东深圳,本科,5万-10万,未婚,我现居广东-深圳，家乡在四川-广安，目前从事计算机/IT行业，合适的话可以跟我聊聊,http://img.liangyuan.com/df5ab707-4ff3-4406-bbd8-2f9472e64e6f
优米,24,158CM,北京北京,高中,5千-1万,未婚,喜欢跳舞,http://img.liangyuan.com/img/app/avatar-girlV1.png
唯一de丛林,28,163CM,北京北京,本科,1万-2万,未婚,生活就像一场舞会，教你最初舞步的人可能无法陪你走到尽头。,http://img.liangyuan.com/46F94778-A8E9-450D-8B91-750C133953B4_1784642286597_173_iOS.png
唯我自知,35,176CM,山东青岛,本科,10万以上,未婚,开开心心  一切随性～,http://img.liangyuan.com/img/app/avatar-manV1.png
眉眼动人,27,169CM,新疆乌鲁木齐,大专,5千-1万,未婚,我们永远不会走到对方的那一段，所以我们都活在自己的极端。,http://img.7799520.com/c6f34bbe-e8a5-4106-993a-78944ebe8417
只做唯一,24,168CM,四川成都,中专,10万以上,未婚,我内向外向兼具，温柔且脾气差，脾气差看对谁,http://img.liangyuan.com/img/app/avatar-girlV1.png
初春,42,177CM,重庆重庆,本科,5万-10万,丧偶,成长的很大一部分，是接受。接受分道扬镳，接受世事无常，接受孤独挫折，接受突如其来的无力感，接受自己的缺点。然后发自内心地去改变，找到一个平衡点。跟世界相处，首先是和自己相处。天黑开盏灯，落雨带把伞，难过归难过，但也不作死,http://img.liangyuan.com/img/app/avatar-manV1.png
夕阳de果茶,33,172CM,湖南长沙,硕士,3万-5万,未婚,我现居湖南-长沙，家乡在湖南-娄底，目前从事计算机/IT行业，合适的话可以跟我聊聊,http://img.liangyuan.com/f854316e-b6f9-46c8-9b43-7f9ffc31c352
金牛座♉️,40,158CM,吉林长春,本科,2千-5千,离异,我现居吉林-长春，家乡在吉林-长春，目前从事其它行业，合适的话可以跟我聊聊,http://img.liangyuan.com/img/app/avatar-girlV1.png
初秋de垂柳,40,175CM,浙江温州,中专,10万以上,离异,我现居温州 离异单身,http://img.liangyuan.com/img/app/avatar-manV1.png
九离,37,181CM,辽宁沈阳,本科,1万-2万,未婚,我现居辽宁-沈阳，家乡在辽宁-沈阳，目前从事仓储/物流行业，合适的话可以跟我聊聊,http://img.liangyuan.com/img/app/avatar-manV1.png
袁某人,31,174CM,江苏苏州,本科,1万-2万,未婚,我是95年的，本科毕业 ，身高175，车子房子都有，不过房子是在县城里的。没什么不良嗜好 不抽烟不喝酒，爱好打游戏和健身。收入税前15w+ 到手13w。老家连云港  昆山上班 找个对象 年纪上下三岁   性格合适就行   不接受带娃,http://img.liangyuan.com/ad30491c-779e-4fe4-ac77-a3841050f1d4
海燕,31,165CM,湖南长沙,大专,1万-2万,未婚,湖南怀化人在长沙开福区，蹲个有缘人，三观正，宅女，爱健身。无不良嗜好，温柔体贴，上得厅堂入得厨房。有点点卡颜。喜欢有责任有担当人品好工作稳定情绪稳定孝顺的男人。,http://img.liangyuan.com/img/app/avatar-girlV1.png
Holy,32,175CM,浙江杭州,硕士,5千-1万,未婚,爱情自有天意,http://img.liangyuan.com/img/app/avatar-girlV1.png
悦悦儿,34,166CM,贵州安顺,本科,1万-2万,未婚,我想找一个真诚可靠踏实过日子的对象,http://img.liangyuan.com/8bb2c99d-42f4-4888-a1ec-fb384d7b0490
两袖清风,38,173CM,广东东莞,大专,5千-1万,未婚,我现居广东-东莞，家乡在湖南-永州，目前从事技工行业，合适的话可以跟我聊聊,http://img.liangyuan.com/06e65dc6-af55-465f-be73-e09cfeb26d9f
晓鸣Garrry,36,173CM,上海上海,硕士,1万-2万,未婚,知己就像一面镜子，反映了我们天性中最美的部分。,http://img.liangyuan.com/14E784C1-CB5F-4C37-ABC9-C211B167EE81_1784305390596_500_iOS.png
爱猫的哥哥,45,174CM,广东广州,硕士,10万以上,离异,"广州，会计硕士，会计和国商专业的研究生导师。
    外贸公司老板，年收入2个7位数起步，另房租及利息收入。广州市区全款购置房产数套。扣除房车，净资产A8爱运动喜球类，跑步薄肌身材性格幽默活泼。",http://img.liangyuan.com/3EA8E272-DC59-4B5A-BF3B-50758E900BFB_1784299143521_333_iOS.png
勤恳de崔斯特,30,178CM,安徽合肥,中专,10万以上,离异,我现居安徽-合肥，家乡在安徽-滁州，目前从事高级管理行业，合适的话可以跟我聊聊,http://img.liangyuan.com/img/app/avatar-manV1.png
雨季,31,163CM,山西太原,本科,1万-2万,未婚,合适的话可以跟我聊聊,http://img.liangyuan.com/2F69A709-9594-4316-865E-93E382BB997D_1784305130210_242_iOS.png
旧时光de信件,27,170CM,北京北京,本科,2千以下,未婚,"1、我现居北京，家乡在黑龙江-哈尔滨
2、目前在新华保险王府井分公司工作
3、可以接受入赘
4、没什么特别要求，是个正常人就行
5、目前负债五万，没什么底蕴，所以也没办法主动
6、自我感觉外表6分，应该不会给你丢脸
7、没有恋爱经验
8、不介意什么时候结婚，你感觉合适的话随时可以领证",http://img.liangyuan.com/a113e196-44f6-4b28-a577-881d0e19c0b6
儒雅de达尔文,26,182CM,浙江衢州,高中,5千-1万,未婚,如果我们把心交给别人，就不能收回，别人又给别人，爱就会流通于世。,http://img.liangyuan.com/img/app/avatar-manV1.png
我de天空,30,169CM,北京北京,中专,5千-1万,未婚,我现居北京，家乡在北京，目前从事通信技术行业，合适的话可以跟我聊聊,http://img.liangyuan.com/img/app/avatar-girlV1.png
Joejdh,36,171CM,江苏苏州,本科,2万-3万,离异,成长的很大一部分，是接受。接受分道扬镳，接受世事无常，接受孤独挫折，接受突如其来的无力感，接受自己的缺点。然后发自内心地去改变，找到一个平衡点。跟世界相处，首先是和自己相处。天黑开盏灯，落雨带把伞，难过归难过，但也不作死,http://img.liangyuan.com/7ED4BFB6-E671-429A-8F46-A567CE65EC65_1784048867196_320_iOS.png
向往de风铃,30,173CM,安徽合肥,高中,1万-2万,未婚,我现居安徽-合肥，家乡在安徽-宣城，目前从事制造/加工行业，合适的话可以跟我聊聊,http://img.liangyuan.com/img/app/avatar-girlV1.png
醉歌离人,44,160CM,湖北武汉,高中,5千-1万,离异,我现居湖北-武汉，家乡在黑龙江-哈尔滨，目前从事其它行业，合适的话可以跟我聊聊,http://img.liangyuan.com/img/app/avatar-girlV1.png
会员34906226,36,187CM,江苏苏州,硕士,5万-10万,未婚,回忆，很美，但很伤;回忆，只是回不到过去的记忆。,http://img.liangyuan.com/9e453d4f-e7a0-4036-9cdc-384a61576935
会员95997531,38,178CM,湖南长沙,大专,5千-1万,离异,宅男 直男 不吸烟不喝酒不打牌,http://img.7799520.com/a1e6374d-da65-4e23-a68f-bce67c910722
爱笑de伊格,29,172CM,安徽合肥,本科,1万-2万,未婚,我现居安徽-合肥，家乡在安徽-六安，目前从事计算机/IT行业，合适的话可以跟我聊聊,http://img.liangyuan.com/d6d44439-27ea-437d-a355-0ba86e0f13bb
鹏程万里,44,177CM,四川成都,本科,5万-10万,离异,82年的在四川成都和广州地区工作工作的时候比较忙，因为经常出差 做灯箱广告生意和其他七七八八 家里有个女儿12岁，跟着父母在小县城 房子买在成都天府新区那边 生活圈子简单干净。性格比较直爽，不喜欢弯弯绕绕。来这里是抱着认真交往、以结婚为目的的。,http://img.liangyuan.com/902A2A74-1FD5-457A-8995-97DC1146AA98_1783934610285_981_iOS.png
千歌未央,29,185CM,内蒙古赤峰,中专,5千-1万,未婚,我现居内蒙古-赤峰，家乡在内蒙古-赤峰，目前从事技工行业，合适的话可以跟我聊聊,http://img.liangyuan.com/img/app/avatar-manV1.png
别涉世太深,44,183CM,上海上海,本科,5万-10万,离异,我现居上海，家乡在山东-济南，目前从事电子/仪器行业，合适的话可以跟我聊聊,http://img.liangyuan.com/img/app/avatar-manV1.png
身边de书屋,43,160CM,浙江杭州,本科,5万-10万,离异,我现居浙江-杭州，家乡在浙江-杭州，目前从事采购/贸易行业，合适的话可以跟我聊聊,http://img.liangyuan.com/img/app/avatar-girlV1.png
落秋雨,27,178CM,江苏苏州,本科,1万-2万,未婚,我现居江苏-苏州，家乡在江苏-苏州，目前从事计算机/IT行业，合适的话可以跟我聊聊,http://img.liangyuan.com/6046ABBB-7BEA-4F56-A1D7-351325168B33_1783848410183_313_iOS.png
无与伦比de彩虹,31,172CM,广东梅州,大专,5千-1万,未婚,大家好 我现定居广东-梅县 家乡在广东-梅州 目前从事市场拓展行业 我是95年 身高172 有房有车 定居梅州梅县 月薪8000+  认真上班好好生活 就是想找 想结婚的女孩 家里人也有帮忙介绍 但是聊着发现都是近期没有结婚打算的 就没有继续了解,http://img.liangyuan.com/31e541e2-cde5-4668-a1de-203f802fc4a2
孤烟祭酒,28,171CM,四川成都,大专,2千-5千,未婚,我现居四川-成都，家乡在四川-广安，目前从事其它行业，合适的话可以跟我聊聊,http://img.liangyuan.com/30ee4788-9d62-413a-8873-e039247f6931
昆山小颜总,35,172CM,江苏苏州,本科,5万-10万,未婚,那种嘴上说爱，其实离你越来越远的，不过是谎言。那种满嘴真爱，其实一点亏都不肯吃的，无非是路过。真爱，就是奔结果去的。陪你到最后的，才是真爱,http://img.liangyuan.com/145D6448-525C-4E8F-AF5D-8EE96A4382D9_1783812441710_533_iOS.png
靠近阳光,30,175CM,浙江宁波,大专,5千-1万,未婚,错误是暂时的遗憾，错过是永远的遗憾。,http://img.liangyuan.com/fb617723-b1bb-4504-a62b-05d91ec081cb
相伴一生,30,164CM,甘肃兰州,本科,5千-1万,未婚,一句承诺一世情，一生守候一颗心，一声问候一天暖，一份思念永延绵，一个想念你的我，在等着你的回信，愿我的存在，让你更加快乐幸福！,http://img.liangyuan.com/220fc5a6-813c-410f-b57d-7902b6ffb54b
找180宁波人,29,165CM,浙江宁波,大专,5千-1万,未婚,我们永远不会走到对方的那一段，所以我们都活在自己的极端。,http://img.liangyuan.com/e835385d-7e07-458c-97f0-383ab8dff835
46296,36,175CM,江苏苏州,大专,1万-2万,未婚,缘分让我遇到你，感觉让我喜欢你，心痛让我想起你，时间让我爱上你，让我记住你，只是身边缺少你！,http://img.liangyuan.com/1BE64DDE-6276-474A-97AF-C3358F8FCE65_1783824041199_144_iOS.png
de龙猫,28,165CM,广西钦州,硕士,5千-1万,未婚,生活就像一场舞会，教你最初舞步的人可能无法陪你走到尽头。,http://img.liangyuan.com/B959E59D-5941-42C7-8BB8-A05DEF1EFA69_1783750853863_118_iOS.png
抓不住de信件,44,174CM,江苏苏州,大专,10万以上,离异,我现居江苏-苏州，家乡在贵州-黔南，目前从事装修/物业行业，合适的话可以跟我聊聊,http://img.liangyuan.com/img/app/avatar-girlV1.png
呼噜噜咕噜噜,36,179CM,上海上海,本科,1万-2万,未婚,上海人 希望遇到能聊的来的另一半,http://img.liangyuan.com/BE5A7342-AEFA-4543-8359-8778CDBC3C2F_1783742588673_646_iOS.png
狂野de罗伊,26,170CM,山东临沂,中专,5千-1万,未婚,我的要求并不高，希望有一杯茶，是你亲手为我泡，希望有一碗饭，是你亲手为我做，希望有一束花，是你亲手为我采，希望你能牵着我的手，一直到永久。,http://img.liangyuan.com/img/app/avatar-manV1.png
温山软水,36,179CM,浙江温州,本科,5千-1万,未婚,人累了就休息，心累了就平静。失去自己，只能慢慢捡起来,http://img.liangyuan.com/3DC9D52C-3C42-4203-9704-864A4ABEE9FB_1783687927006_616_iOS.png
星星,36,161CM,福建福州,大专,1万-2万,离异,一个人，其实并不是我们不渴望爱情，而是我们缺乏主动的理由。,http://img.liangyuan.com/1E447084-D659-4203-AE86-B949336AEC7E_1784472980818_315_iOS.png
传统de特里,29,175CM,湖南常德,本科,1万-2万,未婚,我现居湖南-常德，家乡在湖南-常德，目前从事个体/电商行业，合适的话可以跟我聊聊,http://img.liangyuan.com/img/app/avatar-manV1.png
夏沫南栀,34,165CM,广东广州,本科,1万-2万,未婚,我现居广东-广州，家乡在广东-广州，目前从事医疗/护理行业，合适的话可以跟我聊聊,http://img.liangyuan.com/EB47CBF5-5C01-4077-BF4E-A844877AD9CF_1785146056229_551_iOS.png
小白,25,175CM,福建泉州,中专,5千-1万,未婚,我现居福建-泉州，家乡在贵州-铜仁，目前从事个体/电商行业，合适的话可以跟我聊聊,http://img.liangyuan.com/0095B7A4-1687-4292-BE65-723C4532264D_1783577920245_382_iOS.png
Moons,36,158CM,福建厦门,大专,5千-1万,离异,真诚相待,http://img.liangyuan.com/FhtKA38wGweu6qkByLCTf5E8aX6Z
唯一de梧桐,30,178CM,江苏常州,大专,1万-2万,未婚,我现居江苏-常州，家乡在湖南-邵阳，目前从事工程机械行业，合适的话可以跟我聊聊,http://img.liangyuan.com/921ff994-b70b-4b48-85e5-5d39a3454552
自由de爱恋,43,170CM,吉林吉林,初中,10万以上,离异,我现居吉林，目前从事餐饮，做中餐饭店，连锁店，真诚着女朋友，优秀的，靠谱的，了解一下，谢谢,http://img.liangyuan.com/6736DBCA-634F-467E-B2F9-6BEF4AED17C8_1783508527934_600_iOS.png
难过,36,177CM,山西太原,本科,2千-5千,未婚,我现居山西-太原，家乡在山西-吕梁，目前从事金融行业，合适的话可以跟我聊聊,http://img.liangyuan.com/886D6E45-5420-4840-A73A-788769B29A7D_1783496888149_59_iOS.png
愈儿,42,159CM,浙江杭州,大专,5千-1万,未婚,人生路漫漫，最好的缘分从不是热烈惊艳，而是彼此懂得。互相理解，彼此支撑，看得见对方的难处，体谅对方的不容易，接纳各自的不完美。安静相伴，温柔托举，心安即是归处。,http://img.liangyuan.com/img/app/avatar-girlV1.png
蓝天下de三叶草,34,175CM,浙江杭州,硕士,3万-5万,未婚,我现居浙江-杭州，家乡在浙江-杭州，目前从事高级管理行业，合适的话可以跟我聊聊,http://img.liangyuan.com/img/app/avatar-manV1.png
站在夏天看冬夜,34,172CM,贵州贵阳,大专,5千-1万,未婚,我现居贵州-贵阳，家乡在江西-南昌，目前从事咨询/顾问行业，合适的话可以跟我聊聊,http://img.liangyuan.com/38e27f5c-1f39-4d98-8063-45287f435481
也许是碰巧,37,179CM,湖南长沙,大专,1万-2万,离异,君不见，白发生。朝如青丝暮成雪。,http://img.liangyuan.com/995c7c10-c1d6-400a-9e8a-c3db28aba7f9
小猫不会喵～,28,170CM,辽宁沈阳,本科,2万-3万,未婚,一个小主波，喜欢私信来看,http://img.liangyuan.com/img/app/avatar-girlV1.png
大鹏展翅,28,176CM,广东深圳,本科,2万-3万,未婚,我现居广东-深圳，家乡在广东-深圳，目前从事市场拓展行业，合适的话可以跟我聊聊,http://img.liangyuan.com/BCDE8342-FD62-44D3-A933-6D2C34E10343_1783496767068_197_iOS.png
儿时de爱恋,28,165CM,北京北京,大专,5千-1万,未婚,我现居北京，家乡在北京，目前从事质控/安检行业，合适的话可以跟我聊聊,http://img.liangyuan.com/img/app/avatar-manV1.png
怕喝酒de哈里森,41,178CM,浙江绍兴,高中,10万以上,离异,我现居浙江-绍兴，家乡在贵州-贵阳，目前从事制造/加工行业，合适的话可以跟我聊聊,http://img.liangyuan.com/5973EA7F-16D5-48A0-9A3E-4AC26C22626B_1783234530759_107_iOS.png
会员22318849,31,170CM,江苏无锡,大专,5千-1万,离异,一个人，其实并不是我们不渴望爱情，而是我们缺乏主动的理由。,http://img.liangyuan.com/cd60ee14-85ce-4e51-ab62-6c3f830dcfae
阳光de卡洛斯,28,172CM,河北石家庄,本科,2万-3万,未婚,爱上你的时候，是不懂得爱的年龄;懂得爱，却离开了。,http://img.liangyuan.com/img/app/avatar-manV1.png
嫣然一笑,27,160CM,江苏徐州,大专,5千-1万,未婚,我现居江苏-徐州，家乡在重庆，目前从事采购/贸易行业，合适的话可以跟我聊聊,http://img.liangyuan.com/img/app/avatar-girlV1.png
赶往火星的浮游,34,168CM,湖北武汉,硕士,5万-10万,未婚,我现居湖北-武汉，家乡在四川-自贡，目前从事金融行业，合适的话可以跟我聊聊,http://img.liangyuan.com/a3d93712-b1a6-4900-ae12-159f9dd46032
静柔,42,161CM,上海上海,本科,2万-3万,未婚,我现居上海，家乡在浙江-宁波，目前从事高级管理行业，合适的话可以跟我聊聊,http://img.liangyuan.com/d993c505-9fcf-4ebb-9903-f0385298c741
橘猫的主人,39,168CM,广东惠州,本科,1万-2万,未婚,潮汕人，喜欢唱歌弹吉他，喜欢散步看电影，喜欢读书摄影，喜欢书法传统文化……寻一温婉善良正能量女子携手一生……,http://img.liangyuan.com/f9f5e7a5-1ccd-42ac-8d3b-5682de420e10
他终是梦,29,179CM,湖北武汉,本科,3万-5万,未婚,一生只谈三次恋爱最好，一次懵懂，一次刻骨，一次人生。,http://img.liangyuan.com/img/app/avatar-manV1.png
他终是梦,29,172CM,广西玉林,初中,2千以下,未婚,人累了就休息，心累了就平静。失去自己，只能慢慢捡起来,http://img.liangyuan.com/img/app/avatar-manV1.png
遥远de果茶,32,170CM,福建厦门,大专,5千-1万,未婚,不要轻易放弃一个每天都会想念的人。这样的人，一辈子也不会遇到几个。即便在一起要吃很多苦头，咬咬牙也就过去了。失去挚爱的疼痛，时间也无法洗涤,http://img.liangyuan.com/C87D4363-3A23-4D32-8E40-C9E87A41D8B5_1783013666983_204_iOS.png
青兰若云,43,158CM,四川成都,本科,1万-2万,离异,在最喜欢的季节，去一个很远的地方，还有另一个流浪的人。,http://img.liangyuan.com/C6FC9772-DAF7-4A66-A788-C702F90EBB47_1783071333704_889_iOS.png
会画画de艾达,33,173CM,广东佛山,大专,5千-1万,未婚,我现居广东-佛山，家乡在广东-佛山，目前从事计算机/IT行业，合适的话可以跟我聊聊,http://img.liangyuan.com/img/app/avatar-manV1.png
人生如梦亦如幻,45,178CM,江苏南京,本科,2万-3万,未婚,我现居江苏南京，家乡在浙江，目前从事通信技术行业，合适的话可以跟我聊聊,http://img.liangyuan.com/b1175a6c-3372-4185-bc76-d3df86511ace
Ccc,33,160CM,广东广州,本科,1万-2万,未婚,我现居广东-广州，家乡在福建-泉州，目前从事教育/培训行业，合适的话可以跟我聊聊,http://img.liangyuan.com/a5c09e7b-1285-4610-9a40-e76a602774cf
愉快de戈薇,26,166CM,四川成都,本科,5万-10万,未婚,我现居四川-成都，家乡在四川-成都，目前从事计算机/IT行业，合适的话可以跟我聊聊,http://img.liangyuan.com/img/app/avatar-girlV1.png
认真,39,160CM,安徽合肥,大专,2万-3万,离异,我现居安徽-合肥，家乡在安徽-合肥，目前从事个体/电商行业，合适的话可以跟我聊聊,http://img.liangyuan.com/55cb2c85-4b42-44c7-b64e-18f40fbe39ac
原地等故人,34,156CM,广西桂林,大专,2千-5千,离异,我现居广西-桂林，希望找一位情绪稳定，人品好的男士共度余生,http://img.liangyuan.com/3EA30734-4E25-416A-8328-08BD293A98D2_1782614046321_509_iOS.png
淡定de曼达,26,184CM,黑龙江哈尔滨,本科,5千-1万,未婚,我现居黑龙江-哈尔滨，家乡在宁夏-银川，目前从事咨询/顾问行业，合适的话可以跟我聊聊,http://img.liangyuan.com/img/app/avatar-manV1.png
阡陌红尘,44,176CM,安徽亳州,大专,1万-2万,离异,来自安徽亳州 82年 做建筑承包 情绪稳定，事业稳定 有一定的经济基础 对未来有一定生活的保障 希望遇到一位双向奔赴的女生,http://img.liangyuan.com/75389EE2-FC48-4873-A2A2-18B85128E6E7_1783077606114_359_iOS.png
委屈de艾德文,30,170CM,广西南宁,本科,1万-2万,未婚,我现居广西-南宁，家乡在广西-南宁，目前从事电子/仪器行业，合适的话可以跟我聊聊,http://img.liangyuan.com/img/app/avatar-manV1.png
清微淡远,45,155CM,江西九江,高中,2千以下,离异,我现居江西-九江，家乡在江西-九江，目前从事其它行业，合适的话可以跟我聊聊,http://img.liangyuan.com/img/app/avatar-girlV1.png
凉生永隔三秋梦,45,178CM,北京北京,初中,10万以上,未婚,我现居北京，家乡在北京，目前从事其它行业，合适的话可以跟我聊聊,http://img.liangyuan.com/img/app/avatar-manV1.png
悲凉de鲸鱼,44,170CM,北京北京,中专,5千-1万,未婚,我现居北京，家乡在北京，目前从事计算机/IT行业，合适的话可以跟我聊聊,http://img.liangyuan.com/a682fb22-4e08-45d6-83a6-c445dfcfd062
