Mar 2026,Mar 2025,Change,Programming Language,Ratings,Change
1,1,Python,21.25%,-2.59%,Python
2,4,C,11.55%,+2.02%,C
3,2,C++,8.18%,-2.90%,C++
4,3,Java,7.99%,-2.37%,Java
5,5,C#,6.36%,+1.49%,C#
6,6,JavaScript,3.45%,-0.01%,JavaScript
7,9,Visual Basic,2.50%,-0.02%,Visual Basic
8,8,SQL,2.00%,-0.57%,SQL
9,16,R,1.88%,+0.94%,R
10,10,Delphi/Object Pascal,1.80%,-0.36%,Delphi/Object Pascal
11,24,Perl,1.75%,+1.05%,Perl
12,12,Scratch,1.63%,-0.03%,Scratch
13,11,Fortran,1.45%,-0.25%,Fortran
14,14,Rust,1.31%,+0.09%,Rust
15,15,MATLAB,1.29%,+0.31%,MATLAB
16,7,Go,1.29%,-1.49%,Go
17,17,Assembly language,1.29%,+0.42%,Assembly language
18,13,PHP,1.23%,-0.25%,PHP
19,18,Ada,1.10%,+0.25%,Ada
20,26,Swift,1.04%,+0.44%,Swift
